appnexus_region_id	region_iso_code_id
1	1
2	2
3	3
4	4
5	5
6	6
7	7
8	8
9	9
10	10
11	11
12	12
13	13
14	14
15	15
16	16
17	17
18	41
19	18
20	19
21	20
22	21
23	22
24	23
25	24
26	25
29	26
30	27
31	28
33	29
34	30
36	31
38	32
39	33
40	34
41	35
42	36
43	45
44	37
45	38
51	39
52	40
4563	41
4614	42
4615	43
4556	44
4564	45
5626	46
5627	47
5628	48
53	49
54	50
55	51
56	52
57	53
58	54
59	55
4867	56
4260	57
60	58
61	59
62	60
63	61
64	62
65	63
66	64
67	65
68	66
69	67
70	68
71	69
72	70
73	71
74	72
75	73
76	74
77	75
78	76
79	77
80	78
81	79
82	80
5815	81
83	82
84	83
85	84
86	85
87	86
88	87
89	88
90	89
91	90
92	99
93	91
94	92
95	93
96	94
97	95
98	96
99	97
100	98
101	99
5629	100
102	101
103	102
104	103
105	104
106	105
107	106
108	124
109	107
110	108
111	109
112	110
113	111
114	112
115	113
116	114
117	115
118	116
119	117
120	118
121	119
122	120
123	121
124	122
125	123
4661	124
4274	125
126	126
127	127
128	128
129	129
130	130
131	131
132	132
133	133
134	134
135	135
136	136
137	137
138	138
139	139
140	140
141	141
142	142
4259	143
4286	144
143	145
144	146
145	147
146	148
147	149
148	150
150	151
151	152
152	153
153	154
154	155
155	156
156	157
157	158
158	159
160	160
161	161
162	162
163	163
164	164
165	165
166	166
167	167
168	168
169	169
170	170
171	171
172	172
173	173
174	174
175	175
176	176
177	177
178	178
179	179
180	180
181	181
182	182
183	183
184	184
185	185
186	186
187	187
188	188
189	189
190	190
191	191
192	192
193	193
194	194
195	195
196	196
197	197
199	198
200	199
201	200
202	201
203	202
205	203
206	204
207	205
208	206
209	207
210	208
211	209
212	210
213	211
5630	212
5631	213
5632	214
5633	215
5634	216
5635	217
5636	218
5637	219
5638	220
5639	221
214	222
215	223
4476	224
216	225
217	226
218	227
219	228
220	229
221	230
222	231
223	232
224	233
225	234
226	235
243	236
257	237
282	238
291	236
292	237
293	239
294	240
295	241
296	242
5963	243
297	244
298	252
299	245
300	246
301	247
302	248
303	249
304	250
305	251
306	252
307	254
308	253
4662	252
4663	253
4664	254
4300	255
4301	256
5667	257
5668	258
5669	259
5670	260
5671	261
5672	262
5673	263
5674	264
5675	265
5676	266
5677	267
354	277
355	268
356	269
357	270
358	271
359	272
360	273
361	274
362	275
363	276
364	277
365	278
366	279
367	280
368	281
369	282
370	283
371	284
372	285
373	286
374	287
375	288
376	289
377	290
378	291
379	292
380	293
381	294
382	295
383	297
384	296
385	297
386	299
387	296
388	298
389	299
390	298
391	299
392	299
393	299
394	298
395	298
396	297
397	296
398	298
399	299
400	300
402	301
403	302
404	303
405	304
406	305
407	306
408	307
409	308
410	309
411	310
412	311
413	312
414	313
415	314
416	315
4302	316
5678	317
5971	318
418	319
423	320
424	321
426	322
427	323
428	324
429	325
430	326
431	327
432	328
433	329
434	330
4261	331
435	331
436	331
444	331
445	331
4247	333
447	332
448	333
449	334
454	335
458	336
459	337
460	338
461	339
462	340
463	341
464	342
465	343
466	344
467	345
468	346
469	347
470	348
471	349
472	350
473	351
474	352
475	353
476	354
477	355
478	356
479	357
480	358
481	359
482	360
483	361
484	362
485	363
486	364
487	365
488	366
489	367
490	368
491	369
492	370
493	371
494	372
495	373
496	374
497	375
498	376
499	377
500	378
501	379
502	380
504	381
5640	382
5641	383
5642	384
5643	385
5644	386
5645	387
5646	388
5647	389
5648	390
5649	391
5650	392
5651	393
5652	394
5653	395
5654	396
5655	397
5656	398
5657	399
5658	400
5659	401
5660	402
5661	403
515	404
516	405
517	406
518	407
519	408
520	409
521	410
522	411
523	412
524	413
525	414
526	415
527	416
528	417
529	418
530	419
531	420
532	421
5662	422
5663	423
5666	424
533	425
534	426
535	427
536	428
537	429
538	430
539	431
540	432
541	433
542	434
543	435
544	436
545	437
546	438
547	439
548	440
549	441
550	442
551	443
552	444
553	445
554	446
556	447
557	448
558	449
559	450
560	451
561	452
567	453
568	454
562	455
563	456
564	457
565	458
566	459
569	471
570	461
5066	478
571	463
572	475
573	465
575	466
576	481
577	468
578	469
579	470
5999	471
6000	472
6001	473
6002	474
6003	475
6004	476
6005	477
6006	478
6007	479
6008	480
6009	481
581	482
582	483
583	484
584	485
585	486
586	487
587	488
588	489
589	490
590	491
591	492
592	493
593	494
594	495
595	496
596	497
597	498
598	499
599	500
600	501
601	502
602	503
603	504
604	505
605	506
606	507
607	508
5045	509
608	510
609	511
610	512
611	513
612	514
613	515
614	516
615	517
616	518
617	519
618	520
619	521
620	522
621	523
622	524
623	525
624	526
625	527
626	528
627	529
628	530
629	531
630	532
631	533
632	534
633	535
637	555
638	557
639	4280
640	556
641	4276
642	558
643	4278
644	559
645	4279
646	557
647	559
648	558
649	4275
650	4279
651	560
652	4278
653	4275
654	552
655	4280
656	4281
5907	555
5962	556
5969	557
5955	558
5956	559
5960	560
5961	561
6013	562
4290	563
657	564
658	565
659	566
660	567
661	568
662	569
663	570
664	571
665	4283
666	572
667	573
668	574
669	4286
674	575
675	576
676	577
677	578
678	579
679	580
680	581
681	582
682	583
683	584
684	4288
685	4321
686	4305
687	4304
688	4303
689	4310
690	4291
691	4301
692	4296
693	4298
694	4302
695	4297
696	4318
697	4319
698	4293
699	4294
700	4295
701	4306
702	4308
703	4309
704	4289
705	4313
706	4315
707	4312
708	4314
709	4316
710	4320
711	4292
712	4299
713	4311
714	4290
715	616
716	617
717	618
718	619
719	645
720	646
721	647
722	620
723	621
724	622
725	623
726	624
727	625
728	626
729	627
730	628
731	648
732	629
733	630
734	631
735	632
736	633
737	634
738	635
739	636
740	637
741	638
742	639
743	640
744	641
745	642
746	643
747	644
748	645
749	646
750	647
751	648
752	649
753	650
754	651
755	652
756	653
757	654
758	655
759	656
760	657
761	658
763	659
764	660
765	661
766	662
767	663
768	664
769	665
770	666
771	667
772	668
773	669
4565	670
4304	671
5680	672
4295	673
790	674
791	675
792	676
793	677
794	678
795	679
5919	680
798	4324
799	684
800	4324
801	687
802	4326
5914	681
5911	682
803	684
804	4326
805	4326
806	4324
807	4326
5913	683
808	686
5921	684
809	680
5922	686
810	684
5912	687
5918	688
811	4324
5915	689
5916	690
812	688
813	681
814	687
815	4323
816	4324
817	684
818	689
819	4325
820	686
821	682
822	4326
823	683
824	690
825	704
826	705
827	706
828	707
829	708
830	709
831	710
832	711
833	712
834	713
835	714
836	715
837	716
838	717
839	718
840	719
841	720
842	721
843	722
844	723
845	724
846	725
847	726
848	727
849	728
850	729
851	730
852	731
853	732
854	733
855	734
856	735
857	736
858	737
859	738
860	739
861	740
862	741
863	742
864	743
865	744
866	768
867	745
868	746
869	747
870	748
871	749
872	750
873	751
874	752
875	753
876	769
877	754
878	755
879	756
880	757
881	758
882	759
883	760
884	761
885	762
886	772
887	763
888	764
889	765
890	766
891	767
892	768
893	769
894	770
895	771
4543	772
896	773
897	774
898	775
899	776
900	777
901	778
902	779
903	780
904	781
905	782
906	783
907	784
908	785
909	786
910	787
911	788
912	789
913	790
914	791
915	792
4548	793
917	794
918	795
919	796
920	797
921	798
922	799
923	800
924	801
925	802
926	803
927	804
928	805
929	806
930	807
931	808
932	809
933	810
934	811
935	812
936	813
937	814
938	815
939	816
940	817
941	818
942	819
943	820
944	821
945	822
946	823
947	824
948	825
949	826
950	827
951	828
952	829
953	830
954	831
955	832
956	833
957	834
958	835
959	836
960	837
961	838
962	839
963	840
964	841
965	842
4410	843
4473	844
966	845
967	846
968	847
969	848
970	849
972	850
973	851
976	852
977	853
978	854
979	855
981	845
983	856
984	857
985	858
986	859
987	860
988	861
989	862
990	863
991	864
992	865
993	866
994	867
995	868
996	869
997	870
998	871
999	872
1000	873
1001	874
1002	875
1003	876
1004	877
1005	878
1006	879
1007	880
1008	881
1009	882
1010	883
1011	884
1012	885
4407	886
5686	887
5687	888
5900	889
1013	890
1014	891
1015	892
1016	893
1018	894
4305	895
5688	895
1019	897
1020	898
1021	899
1022	900
1023	901
1024	902
1025	903
1026	908
1027	913
1028	916
1029	920
1030	926
1031	933
1032	936
1033	939
1034	943
1035	946
4665	904
4666	905
4667	906
4668	907
4669	908
4670	909
4671	910
4672	911
4673	912
4674	913
4675	914
4676	915
4677	916
4678	917
4679	918
4680	919
4681	920
4682	921
4683	922
4684	923
4685	924
4686	925
4687	926
4688	927
4689	928
4690	929
4691	930
4692	931
4693	932
4694	933
4695	934
4696	935
4697	936
4409	937
4698	938
4699	939
4700	940
4701	941
4702	942
4703	943
4704	944
4705	945
4706	946
4707	947
4445	948
1037	949
1044	950
1045	951
1046	952
1047	953
1048	954
1049	955
1050	956
1051	957
1053	958
1054	959
1055	4327
4471	960
4417	961
4406	962
1056	963
4425	964
1057	973
4521	965
4524	966
4415	967
1058	965
1059	974
1060	966
4506	968
4467	969
4514	970
4393	971
4379	972
4537	973
4461	974
4435	975
4529	976
4428	977
1061	978
1062	979
1063	980
1064	981
1065	982
4296	983
1067	984
1068	985
1069	986
4657	987
4280	988
1070	989
1071	990
1072	991
1073	992
1074	993
1075	994
1076	995
1077	996
1078	997
1079	998
1080	999
1081	1000
5947	1010
1082	1002
1083	1003
1084	1004
1085	1005
1086	1006
1087	1007
1088	1008
1089	1009
1090	1010
5925	992
5944	993
1091	1013
5932	996
5939	994
5945	1003
5931	1005
5926	999
5943	989
5924	991
5929	1004
5923	1009
5941	1006
1092	1024
1093	1025
1094	1026
1095	1027
1096	1028
1097	1029
1098	1030
1099	1031
1100	1032
1101	1051
1102	1180
1103	1136
1104	1109
1105	1111
1106	1088
1107	1107
1108	1108
1109	1073
1110	1116
1111	1039
1112	1103
1113	1039
1114	1218
1115	1227
1116	1220
1117	1240
1118	1256
1119	1255
1120	1250
1121	1269
1122	1269
1123	1269
1124	1033
1125	1034
1126	1035
1127	1036
1128	1037
1129	1038
1130	1039
1131	1040
1132	1041
5909	1202
5959	1192
5908	1191
1133	1045
1134	1046
1135	1047
1136	1048
1137	1049
1138	1050
1139	1051
1140	1052
1141	1053
1142	1054
1143	1055
1144	1056
1145	1057
1146	1272
1147	1058
1148	1059
1149	1060
1150	1061
5927	1195
1151	1063
1152	1064
1153	1065
1154	1066
1155	1067
1156	1068
1157	1069
1158	1070
1159	1071
5937	1216
1160	1073
1161	1074
1162	1075
1163	1076
1164	1077
1165	1078
1166	1079
1167	1080
1168	1081
1169	1082
1170	1083
1171	1084
1172	1085
1173	1086
1174	1087
1175	1088
1176	1089
1177	1090
5917	1205
1178	1092
1179	1093
1180	1094
1181	1095
1182	1096
1183	1097
1184	1098
1185	1099
1186	1100
1187	1101
1188	1102
1189	1103
1190	1104
1191	1105
1192	1106
1193	1107
1194	1108
1195	1109
1196	1110
1197	1111
1198	1112
1199	1113
1200	1114
1201	1115
1202	1116
1203	1117
1204	1118
1205	1119
1206	1120
1207	1121
1208	1122
1209	1123
1210	1124
1211	1125
1212	1126
1213	1127
1214	1128
1215	1129
1216	1130
1217	1131
1218	1132
1219	1133
1220	1134
1221	1135
1222	1136
1223	1137
1224	1138
1225	1139
1226	1140
1227	1141
1228	1142
1229	1143
1230	1144
1231	1145
5910	1208
1232	1147
1233	1148
1234	1149
1235	1150
1236	1151
1237	1152
1238	1153
1239	1154
1240	1155
5930	1191
5948	1204
1241	1158
1242	1159
1243	1160
1244	1161
1245	1162
1246	1163
1247	1164
1248	1165
1249	1166
5934	1212
1250	1168
1251	1169
1252	1170
1253	1171
1254	1172
1255	1173
1256	1174
1257	1175
1258	1176
1259	1177
1260	1178
1261	1179
1262	1180
1263	1181
1264	1182
1265	1183
1266	1184
1267	1185
1268	1186
1269	1187
1270	1188
1271	1189
1272	1190
1273	1191
1274	1192
1275	1193
1276	1194
1277	1195
1278	1196
1279	1197
1280	1198
1281	1199
1282	1200
1283	1201
1284	1202
1285	1203
1286	1204
1287	1205
1288	1206
1289	1207
1290	1208
1291	1209
1292	1210
1293	1211
1294	1212
1295	1213
1296	1214
1297	1215
1298	1216
1299	1217
1300	1218
1301	1219
1302	1220
1303	1221
1304	1222
1305	1223
1306	1224
1307	1225
1308	1226
1309	1227
1310	1228
1311	1229
1312	1230
1313	1231
1314	1232
1315	1233
1316	1234
1317	1235
1318	1236
1319	1237
1320	1238
1321	1239
1322	1240
1323	1241
1324	1242
1325	1243
1326	1244
1327	1245
1328	1246
1329	1247
1330	1248
1331	1249
1332	1250
1333	1251
1334	1252
1335	1253
1336	1254
1337	1255
1338	1256
1339	1257
1340	1258
1341	1259
1342	1260
1343	1261
1344	1262
1345	1263
1346	1264
1347	1265
1348	1266
1349	1267
1350	1268
1351	1269
1352	1270
4248	1037
4249	1271
4250	1272
4251	1273
1353	1274
1354	1275
1355	1276
1356	1277
1357	1278
1358	1279
5694	1280
1360	1281
1362	1282
1363	1290
1366	1289
1371	1292
1373	1287
1374	1288
1375	1289
1377	1290
1380	1286
1383	1286
1384	1286
1386	1286
1389	1284
1396	1290
1401	1290
1405	1289
1406	1284
1409	1283
1416	1287
1417	1285
1419	1284
1420	1284
4404	1284
4504	1285
4412	1286
4490	1287
5689	1288
5690	1289
5691	1290
5692	1291
5693	1292
4275	1293
4283	1294
1423	1295
1424	1296
1425	1297
1426	1298
1427	1299
1428	1300
1429	1301
1430	1302
1431	1303
1432	1304
4263	1305
4306	1306
4307	1307
4308	1308
4309	1309
1436	1310
1437	1311
1438	1312
1439	1313
1440	1314
1441	1315
1444	1316
1445	1317
1449	1318
1455	1319
1460	1322
1461	1320
1468	1321
1470	1322
1474	1323
4276	1324
4310	1325
4311	1326
1483	1336
1484	1336
1485	1336
1486	1336
1487	1337
1488	1337
1489	1337
1490	1382
1491	1382
5977	1336
5976	1337
1492	1382
1493	1382
1494	1385
1495	1385
1496	1336
1497	1385
1498	1385
1499	1384
1500	1384
1501	1384
1502	1384
1503	1390
1504	1390
1505	1390
1506	1390
1507	1383
1508	1383
1509	1383
1510	1383
1511	1389
1512	1389
1513	1381
1514	1389
1515	1389
1516	1389
1517	1337
1518	1388
1519	1388
1520	1381
1521	1381
1522	1388
1523	1388
1524	1388
1525	1386
1526	1386
1527	1386
1528	1386
1529	1387
1530	1391
1531	1387
1532	1391
1533	1391
4708	4332
5984	1381
5980	1382
5983	1383
5981	1384
5979	1385
5989	1386
5988	1387
5986	1388
5985	1389
5982	1390
5987	1391
5905	1392
1534	1393
1535	1394
1536	1395
1537	1396
1538	1397
1539	1398
1540	1399
1541	1400
1542	1401
1543	1402
1544	1403
1545	1404
1546	1405
1547	1406
1548	1407
1549	1408
1550	1409
1551	1410
1552	1411
1553	1412
1554	1413
1555	1414
4264	1415
1556	1416
1557	1417
1558	1418
1559	1419
1560	1420
1561	1421
1562	1422
1563	1423
1564	1424
1565	1425
1566	1426
1567	1427
1568	1428
1569	1429
1570	1430
1571	1431
1572	1432
1573	1433
1574	1434
4252	1435
1575	1436
1576	1437
1577	1438
1578	1439
1579	1440
1580	1441
1581	1442
1582	1443
1583	1444
1584	1445
1585	1446
1586	1447
1587	1448
1589	1449
1590	1450
1591	1451
1592	1452
4638	1453
1593	1454
1594	1455
1595	1456
1596	1457
1597	1458
1598	1459
1599	1460
1600	1461
1601	1462
1602	1463
1603	1464
1604	1465
1605	1466
1606	1467
1607	1468
1608	1469
1609	1470
1610	1471
1611	1472
1612	1473
1613	1474
1615	1475
1616	1476
1617	1477
1619	1478
1620	1479
1621	1480
4552	1481
4551	1482
4658	1483
4550	1484
1624	1485
1625	1486
1626	1487
1627	1488
1628	1489
1629	1490
1630	1491
1631	1492
1632	1493
1633	1494
1634	1495
1635	1496
1636	1497
1637	1498
1638	1499
1639	1500
1640	1501
1641	1502
1642	1503
1643	1504
1644	1505
1645	1506
1646	1507
1647	1508
1648	1509
1649	1510
1650	1511
1651	1512
1652	1513
1653	1514
1654	1515
1655	1516
1656	1517
1657	1518
1658	1519
1659	1520
1660	1521
1661	1522
1662	1523
1663	1524
1664	1525
1665	1526
4419	1527
1666	1528
1667	1529
1668	1530
1669	1531
1670	1532
1671	1549
1672	1533
1673	1534
1674	1554
1675	1535
1676	1536
1677	1537
1678	1538
1679	1539
1680	1540
1682	1541
1683	1542
1684	1555
1685	1556
1686	1543
1687	1544
1688	1546
1689	1545
1690	1551
1691	1546
1692	1547
1693	1548
1694	1549
1695	1550
1696	1551
1697	1552
1698	1553
1699	1559
1700	1554
1701	1555
1702	1556
1704	1557
1705	1558
4593	1559
6011	1560
4617	1561
1706	1562
1707	1563
1708	1564
1709	1565
1710	1566
1711	1567
1712	1568
1713	1569
1714	1570
1715	1571
1716	1572
1717	1573
1718	1574
1719	1575
1720	1576
1721	1577
1722	1578
1723	1579
1724	1580
1725	1581
1726	1582
1727	1583
1728	1584
1729	1585
1730	1586
1731	1587
1732	1588
1733	1589
1734	1590
1735	1591
1736	1592
1737	1593
4284	1594
1738	1595
1739	1596
1740	1597
1741	1598
1742	1599
1743	1600
1744	1601
1745	1602
1746	1603
1747	1604
1748	1605
1749	1606
1750	1607
1751	1608
1752	1609
1753	1610
1754	1611
1755	1612
1756	1613
1757	1614
1758	1615
1759	1616
1760	1617
1761	1618
1762	1619
1763	1620
1764	1621
1765	1622
1766	1623
1767	1624
1768	1625
1769	1626
1770	1627
1771	1628
1772	1629
4660	1630
4273	1631
1773	1632
1774	1633
1775	1634
1776	1635
1777	1636
1778	1637
1779	1638
1780	1639
1781	1640
1782	1641
1783	1642
1784	1643
1785	1644
1786	1645
1787	1646
1788	1647
1789	1648
1790	1649
1791	1650
1793	1651
1794	1652
1795	1653
1796	1654
1797	1655
1798	1656
1799	1657
1800	1658
1802	1659
1803	1660
1804	1661
1807	1671
1808	1673
1809	1662
1810	1663
1811	1671
1812	1664
1813	1665
1814	1673
1815	1666
1816	1667
1817	1677
1819	1669
1820	1670
1821	1671
1822	1672
1823	1673
1824	1674
1826	1675
1827	1676
1828	1677
1829	1678
1830	1679
5903	1680
4659	1681
1831	1686
1832	1685
1833	1682
1834	1688
1835	1684
1836	1687
1837	1683
1838	1688
1839	1682
1840	1684
1841	1686
1842	1685
1843	1688
1844	1689
1845	1682
1846	1684
1847	1689
1848	1685
1849	1689
1850	1686
4424	1682
4508	1683
1851	1684
1852	1685
1853	1686
1854	1687
1856	1688
4709	1689
4833	1683
1857	1694
1858	1698
1859	1700
1860	1705
1861	1712
1862	1798
1863	1722
1864	1729
1865	1741
1866	1745
1867	1747
1868	1752
1869	1758
1870	1763
1871	1779
1872	1784
1873	1790
1874	1793
1875	1691
1876	1798
4710	1692
4711	1693
4712	1694
4713	1695
4714	1696
4715	1697
4716	1698
4717	1699
4718	1700
4719	1701
4720	1702
4721	1703
4722	1704
4723	1705
4724	1706
4725	1707
4726	1708
4727	1709
4728	1710
4729	1711
4730	1712
4731	1713
4732	1714
4733	1715
4734	1716
4735	1717
4736	1718
4737	1719
4738	1720
4739	1721
4740	1722
4741	1723
4742	1724
4743	1725
4744	1726
4745	1727
4746	1728
4747	1729
4748	1730
4749	1731
4750	1732
4751	1733
4752	1734
4753	1735
4754	1736
4755	1737
4756	1738
4757	1739
4758	1740
4759	1741
4760	1742
4761	1743
4762	1744
4763	1745
4764	1746
4765	1747
4766	1748
4767	1749
4768	1750
4769	1751
4770	1752
4771	1753
4772	1754
4773	1755
4774	1756
4775	1757
4776	1758
4777	1759
4778	1760
4779	1761
4780	1762
4781	1763
4782	1764
4783	1765
4784	1766
4785	1767
4786	1768
4787	1769
4788	1770
4789	1771
4790	1772
4791	1773
4792	1774
4793	1775
4794	1776
4795	1777
4796	1778
4797	1779
4798	1780
4799	1781
4800	1782
4801	1783
4802	1784
4803	1785
4804	1786
4805	1787
4806	1788
4807	1789
4808	1790
4809	1791
4810	1792
4811	1793
4812	1794
4813	1795
4814	1796
4815	1797
4816	1798
4817	1799
4818	1800
4285	1801
1877	1802
1878	1803
1879	1804
1881	1805
1882	1806
1883	1807
1884	1808
1885	1809
1886	1810
1887	1811
1888	1812
1889	1813
1890	1814
4655	1815
1891	1816
1893	1817
1894	1818
1895	1822
1896	1819
1897	1820
1898	1821
1899	1822
5175	1823
5167	1824
5168	1825
5171	1826
5174	1827
1900	1828
1901	1829
1902	1830
1903	1831
1904	1832
1905	1833
1906	1834
1907	1835
1908	1836
1909	1837
1910	1838
1911	1839
1912	1840
1913	1841
1914	1842
1915	1843
1916	1844
1917	1845
1918	1846
1919	1847
1920	1848
1921	1849
1922	1850
1923	1851
1924	1852
1925	1853
1926	1854
1927	1855
1928	1856
1929	1857
1930	1858
1931	1859
1932	1860
1933	1861
1934	1862
1935	1863
1936	1864
1937	1865
1938	1866
1939	1867
1940	1868
1941	1869
1942	1870
1943	1871
1944	1872
1945	1873
1946	1874
1947	1875
1948	1876
1949	1877
1950	1878
1951	1879
1952	1880
1953	1881
1954	1882
5992	1880
5990	1875
5991	1876
5993	1880
5975	1876
5995	1881
5994	1880
5996	1881
5997	1881
1955	1892
1956	1893
1957	1894
1958	1895
1960	1896
1961	1897
1962	1898
1963	1899
1966	1900
1967	1901
1968	1902
1969	1903
1970	1904
1971	1905
1972	1906
1973	1907
1974	1908
1976	1909
1977	1910
1980	1911
1981	1912
1982	1913
4993	1914
4999	1915
4998	1916
1984	1917
1985	1918
4637	1919
4553	1920
6010	1921
4572	1922
5679	1923
1986	1924
1987	1925
1988	1926
1989	1927
1990	1928
4312	1929
4313	1930
2006	1931
2007	1932
2008	1933
2009	1934
2011	1935
2012	1936
2013	1937
2014	1938
2016	1939
2017	1940
2018	1941
2019	1942
2020	1943
2021	1944
2022	1945
2023	1946
2024	1947
2025	1948
2026	1949
2027	1950
2028	1951
2029	1952
2030	1953
2031	1954
2032	1955
2033	1956
2034	1957
2035	1958
2036	1959
2037	1960
2038	1961
2039	1962
2040	1963
4262	1964
2049	1965
2050	1965
2051	1966
2052	1967
2053	1968
2054	1969
2055	1970
2057	1971
2058	1972
2059	1973
2060	1974
2061	1975
2062	1976
2063	1977
2064	1978
2065	1979
4573	1980
2066	1981
2067	1982
2068	1983
2069	1984
2070	1985
2071	1986
2072	1987
2074	1988
2075	1989
2076	1990
2077	1991
2078	1992
5191	1993
5182	1994
5183	1995
5197	1996
5195	1997
5193	1998
2082	1999
2083	2000
2084	2001
2085	2002
2086	2003
2087	2004
2088	2005
2089	2006
2090	2007
2091	2008
2092	2009
2093	2010
2094	2011
2095	2012
2096	2013
2097	2014
2098	2015
2099	2016
2100	2017
2101	2018
2102	2019
2103	2020
2104	2021
2105	2022
2106	2023
2107	2024
2108	2025
2109	2026
2110	2027
2111	2028
2112	2051
2113	2052
2132	2036
2138	2029
2139	2030
2140	2031
2141	2032
2142	2033
2143	2034
2144	2035
2145	2036
5860	2037
2146	2038
2149	2039
2151	2040
2152	2041
2153	2042
2154	2043
2156	2044
5213	2045
5217	2046
2157	2047
2158	2048
2159	2049
2160	2050
2161	2051
2162	2052
2163	2053
2164	2054
2165	2055
2166	2056
2167	2057
2168	2058
2169	2059
2170	2060
2171	2061
2172	2062
2173	2063
2174	2064
2175	2065
2176	2066
2177	2067
2178	2068
2179	2069
2180	2070
2181	2071
2182	2072
2183	2073
2184	2074
2185	2075
5953	2075
5946	2073
5949	2073
5951	2074
5942	2075
5938	2074
5933	2075
5940	2075
5952	2073
5950	2074
5935	2073
5936	2073
4618	2088
2186	2089
2187	2090
2188	2091
2189	2092
2190	2093
2191	2094
2192	2095
2193	2096
2194	2097
4385	2098
2195	2099
2196	2100
2197	2100
2198	2101
2199	2102
2200	2103
2201	2104
2202	2104
2203	2105
2204	2106
2205	2107
2206	2108
2207	2109
2208	2110
2209	2110
2210	2111
2211	2111
2212	2112
2213	2113
2214	2114
2215	2115
2216	2116
2217	2117
2218	2117
4466	2118
4493	2119
4374	2120
4459	2121
4518	2122
4515	2123
4464	2124
4411	2125
4451	2126
4485	2127
4653	2128
4386	2129
4499	2130
4400	2131
4429	2132
4384	2133
4395	2134
4479	2135
4619	2136
4532	2137
4418	2138
4460	2139
4367	2140
4498	2141
4482	2142
4434	2143
4450	2144
4519	2145
4380	2146
4381	2147
4392	2148
5728	2149
5729	2150
4651	2151
4570	2152
4546	2153
4621	2154
4538	2155
4589	2156
4588	2157
4566	2158
4492	2159
4496	2160
4517	2161
4408	2162
4534	2163
4501	2164
4458	2165
4470	2166
4423	2167
4401	2168
4491	2169
4405	2170
4652	2171
4819	2172
4820	2173
5695	2174
5696	2175
5697	2176
5698	2177
5699	2178
5700	2179
5701	2180
5702	2181
5703	2182
5704	2183
5705	2184
5706	2185
5707	2186
5708	2187
5709	2188
5710	2189
5711	2190
5712	2191
5713	2192
5714	2193
5715	2194
5716	2195
5717	2196
5718	2197
5719	2198
5720	2199
5721	2200
5722	2201
5723	2202
5724	2203
5725	2204
5726	2205
5727	2206
2220	2207
2221	2208
2223	2209
2224	2210
2226	2211
2230	2212
2232	2213
2234	2214
2235	2215
2236	2216
2239	2217
2241	2218
2242	2219
5730	2220
5731	2221
5732	2222
5733	2223
5734	2224
5735	2225
5736	2226
5737	2227
5738	2228
2283	2229
2284	2230
2285	2231
2286	2232
2287	2233
2288	2234
2289	2235
2290	2236
2291	2235
2292	2238
2293	2232
2294	2240
2295	2241
2296	2242
2297	2231
5814	2240
2298	2245
2299	2246
2300	2247
5789	2248
5790	2249
5791	2250
5792	2251
5793	2252
5794	2253
5795	2254
5796	2255
5797	2256
5798	2257
5799	2258
5800	2259
5801	2260
5802	2261
2303	2262
2306	2263
2308	2264
2312	2265
2313	2266
2314	2267
2315	2268
2316	2269
2317	2270
2318	2271
2319	2272
2320	2273
2321	2274
2322	2275
2323	2276
2324	2277
2325	2278
2326	2279
2327	2280
2328	2281
2329	2282
2330	2283
2331	2284
2332	2285
2333	2286
2334	2287
2335	2288
2336	2289
2337	2290
2338	2291
2339	2292
2340	2293
2341	2294
2342	2295
2343	2296
2344	2297
2345	2298
4314	2299
4315	2300
4316	2301
4569	2302
4317	2303
4318	2304
4319	2305
4320	2306
4321	2307
4322	2308
4323	2309
5803	2310
5804	2311
5805	2312
5806	2459
5807	2314
5808	2315
5809	2316
5810	2317
5811	2318
5812	2319
5813	2320
2346	2321
2347	2322
2348	2323
2349	2324
2350	2325
2351	2326
4324	2327
5761	2328
5762	2329
5763	2330
5764	2331
5765	2332
5766	2333
5767	2334
5768	2335
5769	2336
5770	2337
5771	2338
5772	2339
5773	2340
5774	2341
5775	2342
5776	2343
5777	2344
5778	2345
5779	2346
5780	2347
5781	2347
5782	2349
5783	2350
5784	2351
2352	2352
2355	2353
2357	2354
2359	2355
2361	2356
2362	2357
2363	2358
2364	2359
2366	2360
2368	2361
2369	2362
2370	2363
2371	2364
2372	2365
2373	2366
2375	2367
2376	2368
2379	2369
2381	2370
2383	2371
2384	2372
2385	2373
2386	2374
2387	2375
2389	2376
2391	2377
2392	2378
2393	2379
2394	2380
2395	2381
2397	2382
2398	2383
2402	2384
2403	2385
2404	2386
2405	2387
2406	2414
2408	2388
2410	2389
2411	2390
2413	2391
2414	2392
2418	2393
2420	2394
2422	2395
2423	2396
2425	2397
2426	2398
2428	2399
2429	2400
2430	2401
2431	2402
2433	2403
2434	2404
2435	2405
2436	2406
2437	2407
2438	2408
2441	2409
2443	2410
2448	2411
2449	2412
2450	2413
2451	2414
2452	2415
2453	2416
2454	2417
2456	2418
2458	2419
2459	2420
2460	2421
2462	2422
2463	2423
2465	2424
2466	2425
2469	2426
2470	2427
2471	2428
2474	2429
5739	2430
5740	2431
5741	2432
5742	2433
5743	2434
5744	2435
5972	2436
2475	2437
2476	2438
2477	2439
2478	2440
2479	2441
2480	2442
2481	2443
2482	2444
2483	2445
2484	2446
2486	2447
2487	2448
2488	2449
2489	2450
2491	2451
2493	2452
2494	2453
2495	2454
2496	2455
5317	2456
5316	2457
2498	2458
2499	2459
2500	2460
2501	2461
2503	2462
2504	2463
2505	2464
2506	2465
2507	2466
2508	2467
2509	2468
2510	2469
2511	2470
2512	2471
2513	2472
2514	2473
2515	2474
2516	2475
2517	2476
2518	2477
2520	2478
2521	2479
2522	2480
4265	2481
2523	2481
2524	2481
4266	2482
4278	2483
2525	2484
2526	2485
2527	2486
2528	2487
2529	2488
2530	2489
2531	2490
2532	2491
2533	2492
2534	2493
2535	2494
2536	2495
5958	2496
4325	2497
4294	2498
2537	2498
2539	2498
4326	2499
4327	2500
4328	2501
4329	2502
4330	2503
4581	2504
4331	2505
4332	2506
4333	2507
4602	2508
4334	2509
4634	2510
4595	2511
4583	2512
4632	2513
4335	2514
4656	2515
4336	2516
4603	2517
4584	2518
4594	2519
4337	2520
4338	2521
4630	2522
4582	2523
4568	2524
4339	2525
4547	2526
4340	2527
4596	2528
4341	2529
4597	2530
4342	2531
4622	2532
4542	2533
4549	2534
4343	2535
4541	2536
4540	2537
4620	2538
4344	2539
4600	2540
4599	2541
4633	2542
4605	2543
4345	2544
4601	2545
4590	2546
4346	2547
4347	2548
4606	2549
4598	2550
4631	2551
4348	2552
4576	2553
4349	2554
4604	2555
4350	2556
5751	2557
5752	2558
5753	2559
5754	2560
5755	2561
5756	2562
5757	2563
5758	2564
5759	2565
5760	2566
2540	2567
2541	2568
2542	2569
2543	2570
2544	2571
2545	2572
2546	2573
2547	2574
2548	2575
2549	2576
2551	2577
4446	2578
4436	2579
5785	2580
5786	2581
5787	2582
5788	2583
2571	2584
4351	2585
5745	2586
5746	2587
5747	2588
5748	2589
5749	2590
5750	2591
2592	2594
4455	2592
4509	2593
4510	2594
2599	2595
2600	2596
2601	2597
2602	2598
2603	2599
2604	2600
2605	2601
2606	2602
2607	2603
2608	2604
2609	2605
2610	2606
2611	2607
2612	2608
2613	2609
2614	2610
2615	2611
2616	2612
2617	2613
2618	2614
2619	2615
2620	2616
2621	2617
2622	2618
2623	2619
2624	2620
2625	2621
2626	2622
2627	2623
2628	2624
2629	2625
2630	2626
2631	2627
2632	2628
2633	2629
2634	2630
2635	2631
2636	2632
2637	2633
2638	2634
2639	2635
2640	2636
2641	2637
2642	2638
2643	2639
2644	2640
2645	2641
2646	2642
4625	2642
2647	2643
2648	2644
2649	2645
2650	2646
2651	2647
2652	2648
2653	2649
2654	2650
2655	2651
2656	2652
2657	2653
2677	2654
2684	2655
2685	2656
2686	2657
2687	2658
2688	2659
2689	2660
2690	2655
2691	2662
2692	2663
2693	2664
2694	2665
2695	2666
5904	2667
5974	2668
4267	2669
2696	2670
2697	2671
2698	2672
2699	2673
2701	2674
2702	2675
2703	2676
5362	2677
2704	2678
2705	2707
2706	2679
2708	2680
2710	2692
2711	2681
2712	2682
2713	2683
2714	2684
2715	2685
2716	2686
2717	2687
2718	2688
2719	2689
2720	2690
2721	2691
2722	2692
2723	2693
2724	2694
2725	2695
2726	2696
2727	2697
2728	2698
2729	2699
2730	2700
2731	2701
2732	2702
2733	2703
2734	2704
2735	2705
2736	2706
2737	2707
2738	2708
2739	2709
2740	2710
2741	2711
2742	2712
2743	2713
2744	2714
2745	2715
2746	2716
2747	2717
2748	2718
2749	2719
2750	2720
2751	2721
2752	2722
2753	2723
2754	2724
2756	2725
2757	2726
2758	2727
2759	2728
2761	2729
2762	2730
4649	2731
2763	2732
2764	2733
2765	2734
2766	2735
2767	2736
2768	2737
2769	2738
2770	2742
2771	2739
2772	2740
2773	2741
2774	2743
2775	2743
2776	2743
2777	2742
2778	2743
2779	2744
2780	2745
2781	2746
2782	2747
2783	2748
2784	2749
2785	2750
2786	2751
2787	2752
2788	2753
2789	2754
2790	2755
2791	2756
2792	2757
2793	2758
2794	2759
2795	2760
2796	2761
2797	2762
4544	2763
5816	2764
2798	2765
2799	2766
2800	2767
2801	2768
2802	2769
2803	2770
2804	2771
2805	2772
2806	2773
2807	2774
2808	2775
2809	2776
2810	2777
2811	2778
2812	2779
2813	2780
2814	2781
2815	2782
2816	2783
2817	2784
2818	2785
2819	2786
2820	2787
2821	2788
2822	2789
2823	2790
2824	2791
2825	2792
4279	2793
4253	2796
2826	2795
2842	2794
4559	2795
2827	2796
2828	2797
2829	2798
2830	2799
2831	2800
2832	2801
2833	2802
2834	2803
2835	2804
2836	2805
2837	2806
2838	2807
2839	2794
2840	2808
2841	2809
4454	2810
2843	2811
2844	2820
2845	2813
2846	2822
2847	2815
2848	2816
2849	2817
2850	2818
5373	2819
5954	2820
5957	2821
5970	2822
5967	2823
2851	2824
2852	2825
2853	2826
2854	2827
2855	2828
2856	2829
2857	2830
2858	2831
2859	2832
2860	2833
5828	2834
5829	2835
5964	2836
2861	2837
2862	2838
2863	2839
2864	2840
2865	2841
2866	2842
2867	2843
2868	2844
2869	2845
2870	2846
2871	2847
2872	2848
2873	2849
2874	2850
2875	2851
2876	2852
2877	2853
2878	2854
2879	2855
2880	2856
2881	2857
2882	2858
2883	2859
2884	2860
2885	2861
4821	2862
4268	2863
2886	2864
2887	2865
2888	2866
2889	2867
2890	2868
2891	2869
2892	2870
2893	2871
2894	2872
2895	2873
2896	2874
2897	2875
2898	2876
2899	2877
2900	2878
2901	2879
2902	2880
2903	2881
2904	2882
2905	2883
2906	2884
2907	2885
2908	2886
2909	2887
2910	2888
2911	2889
2912	2890
2913	2891
2914	2892
2915	2893
2916	2894
2917	2895
2918	2896
2919	2897
2920	2898
2921	2899
2922	2900
2923	2901
2924	2902
2925	2903
2926	2904
2927	2905
2928	2906
2929	2907
2930	2908
2931	2909
2932	2910
2933	2911
2934	2912
2935	2913
2936	2914
2937	2915
2938	2916
2939	2917
2940	2918
2941	2919
2942	2920
2943	2921
2944	2922
2945	2923
2946	2924
2947	2925
2948	2926
2950	2927
2951	2928
2952	2929
2953	2930
2954	2931
2955	2932
2956	2933
2957	2934
2958	2935
2959	2936
2960	2937
2961	2938
2962	2939
2963	2940
2964	2941
2965	2942
2966	2943
2967	2944
2968	2945
2969	2946
2970	2947
2971	2948
2972	2949
2973	2950
2974	2951
2975	2952
2977	2932
2978	2927
2980	2893
2983	2892
4611	2953
2986	2927
2987	2926
2988	2936
2989	2956
2991	2903
2992	2904
2993	2937
4613	2954
2997	2907
3000	2951
3003	2913
4612	2955
3006	2911
3008	2888
3010	2960
3012	2956
4609	2957
3015	2945
3021	2937
3023	2960
3028	2916
3031	2920
3032	2903
3036	2903
3037	2946
3038	2958
4608	2959
3039	2960
3040	2927
4610	2961
4562	2962
4561	2963
4616	2964
3042	2965
3043	2966
3044	2967
3045	2968
3046	2969
3048	2970
4648	2971
4591	2972
4193	4351
4194	2984
4195	4351
4196	2985
4197	4351
4198	2986
4199	4351
4200	2987
4201	4351
4202	2988
4203	4351
4204	4351
4205	4351
4206	4351
4207	4351
4208	4351
4209	4351
4210	4351
4211	4351
4212	4351
4213	4351
4214	4351
4215	4351
4216	4351
4217	4351
4218	4351
4219	4351
4220	4351
4221	4351
4222	4351
4223	4351
4224	4351
4225	4351
4226	4351
4227	4351
4228	4351
4229	4351
4230	4351
4231	4351
4233	4351
4234	4351
4235	4351
4236	4351
4237	4351
4238	4351
4239	4351
4240	4351
4241	4351
3049	2973
3050	2974
3051	2975
3052	2976
3053	2977
3054	2978
3055	2979
3056	2980
3057	2981
3058	2982
3059	2983
3060	2984
3061	2985
3062	2986
3063	2987
3064	2988
4289	2989
4288	2990
4258	2991
4822	2992
4823	2993
4824	2994
4825	2995
3065	2996
3066	2998
5817	2997
5818	2998
5819	2999
5820	3000
5821	3001
5822	3002
5823	3003
5824	3004
5825	3005
5826	3006
5827	3007
3067	3008
3068	3009
3069	3010
3070	3011
3071	3012
3072	3013
3073	3014
3074	3015
3075	3016
3076	3017
3077	3018
3078	3019
3079	3020
3080	3021
3081	3022
3082	3023
3083	3024
3084	3025
3085	3026
3086	3027
5380	3028
5381	3029
5382	3030
5383	3031
5384	3032
5393	3033
5385	3034
5386	3035
5387	3036
5388	3037
5389	3038
5390	3039
5391	3040
5392	3041
4352	3042
5394	3043
3087	3044
3088	3045
3089	3046
3090	3047
3091	3048
3092	3049
3093	3050
3094	3051
3095	3052
3096	3053
3097	3054
3098	3055
3099	3056
3100	3057
3101	3058
3102	3059
4439	3060
3105	3061
3106	3062
3107	3063
3108	4352
3109	3063
3110	3067
3111	3064
3112	3065
3113	3066
3114	3067
3115	3064
3116	3066
5830	3068
4277	3069
3117	3070
3118	3071
3119	3072
3120	3073
3121	3074
3122	3075
3123	3076
3124	3077
3125	3078
3126	3079
3127	3080
3128	3081
3129	3082
3130	3083
3131	3084
3132	3085
3133	3086
3134	3087
3135	3088
3136	3089
3137	3090
3138	3091
3139	3092
3140	3093
3141	3094
3142	3095
3143	3096
3144	3097
3145	3098
3146	3099
3147	3100
3148	3101
3149	3102
3150	3103
3151	3104
3152	3105
3153	3106
3154	3107
3155	3108
3156	3109
3157	3110
3158	3111
4387	3112
3159	3132
3160	3114
4363	3113
4416	3114
4516	3115
4486	3116
4448	3117
4402	3118
4527	3119
4587	3120
4453	3121
4437	3122
4361	3123
4585	3124
4586	3125
4414	3126
4469	3127
4505	3128
4421	3129
4472	3130
4500	3131
4522	3132
4578	3133
4579	3134
4580	3135
4394	3136
4369	3137
4388	3138
4433	3139
4478	3140
5835	3141
3161	3142
3162	3223
3163	3143
3164	3144
3165	3145
3166	3146
3167	3147
3168	3148
3169	3149
3170	3150
3171	3151
3172	3152
3173	3153
3174	3223
3175	3154
3176	3155
3177	3156
3178	3222
3179	3157
3180	3158
3181	3159
3182	3160
3183	3161
3184	3162
3185	3163
3186	3222
3187	3164
3188	3165
3189	3166
3190	3167
3191	3168
3192	3169
3193	3170
3194	3171
3195	3171
3196	3222
3197	3172
3198	3173
3199	3221
3200	3174
3201	3175
3202	3176
3203	3177
3204	3178
3205	3179
3206	3180
3207	3181
3208	3224
3209	3182
3210	3183
3211	3184
3212	3185
3213	3186
3214	3187
3215	3188
3216	3189
3217	3190
3218	3220
3219	3191
3220	3192
3221	3193
3222	3194
3223	3195
3224	3196
3225	3197
3226	3198
3227	3199
3228	3200
3229	3201
3230	3202
3231	3203
3232	3204
3233	3205
3234	3221
3235	3206
3236	3207
3237	3208
3238	3209
3239	3210
3240	3211
3241	3212
3242	3158
3243	3213
3244	3214
3245	3215
3246	3216
3247	3217
3248	3218
3249	3219
3250	3220
3251	3221
4456	3222
4530	3223
4826	3224
3252	3152
3256	3226
3257	3225
3258	3226
3259	3227
3260	3228
3261	3229
3262	3230
3263	3242
3264	3231
3265	3232
3266	3233
3267	3242
3268	3234
4391	3235
3269	3236
3270	3237
3271	3238
3272	3239
3273	3240
3274	3241
3275	3242
3276	3243
3277	3244
3278	3245
3279	3246
3280	3247
3281	3248
3282	3249
3283	3250
3284	3251
4353	3252
3285	3253
3286	3254
3287	3255
3289	3256
3290	3257
3291	3258
3292	3259
3293	3260
3294	3261
3295	3262
3296	3263
3297	3264
3298	3265
3299	3266
3300	3267
3301	3268
3302	3269
3303	3270
3304	3271
3305	3272
3306	3273
3307	3274
5458	3275
5476	3276
5477	3277
3310	3278
3311	3279
5523	3280
5516	3281
5515	3282
5522	3283
5519	3284
5517	3285
5521	3286
5518	3287
5524	3288
5861	3289
5862	3290
5863	3291
5864	3292
5865	3293
5866	3294
5966	3295
3319	3316
3320	3296
3321	3297
3322	3316
3323	3298
3324	3299
3325	3300
3326	3301
3327	3302
3328	3303
3329	3315
3330	3304
3331	3315
3332	3305
3333	3306
3334	3307
3335	3316
3336	3308
3337	3309
3338	3310
3339	3311
3340	3312
3341	3313
3342	3314
3343	3315
3344	3316
4254	3317
4255	3318
4626	3319
4256	3319
4635	3320
4636	3321
3345	3322
3346	3323
3347	3324
3348	3325
3349	3326
3350	3327
3351	3328
3352	3329
3353	3330
3354	3331
3355	3332
3356	3333
3357	3334
3358	3335
3359	3336
3360	3337
3361	3338
3362	3339
3363	3340
4545	3341
3364	3342
4368	3343
3365	3344
3366	3345
3367	3346
3368	3347
3369	3348
3370	3349
3371	3350
3372	3351
4399	3352
3373	3353
3374	3354
3375	3355
3376	3356
3377	3357
3378	3358
3379	3359
3380	3360
3381	3361
3382	3362
3383	3363
3384	3364
3385	3365
3386	3366
3387	3367
3388	3368
4396	3369
4383	3370
3389	3371
3390	3372
3391	3373
3392	3374
3393	3375
3394	3376
3395	3377
4389	3378
3396	3379
3397	3380
3398	3381
3399	3382
3400	3383
4375	3384
3401	3385
3402	3386
3403	3387
3404	3388
3405	3389
3406	3390
3407	3391
3408	3392
4371	3393
4382	3394
3409	3395
3410	3396
3411	3397
3412	3398
3413	3399
3414	3400
3415	3401
3416	3402
3417	3403
4377	3404
3418	3405
3419	3406
3420	3407
3421	3408
3422	3409
3423	3410
4376	3411
3424	3412
3425	3413
3426	3414
3427	3415
3428	3416
3429	3417
3430	3418
3431	3419
3432	3420
3433	3421
3434	3422
3435	3423
3436	3424
3437	3425
3438	3426
3439	3427
3440	3428
3441	3429
3442	3430
3443	3431
3444	3432
3445	3433
4567	3434
3446	3435
3447	3436
3448	3437
3449	3438
3450	3439
3451	3440
3452	3441
3453	3442
3454	3443
3455	3444
3456	3445
3457	3446
3458	3447
3459	3448
3460	3449
3461	3450
3462	3451
3463	3452
4431	3453
5481	3454
4558	3455
4483	3456
4403	3457
4526	3458
3464	3459
5482	3460
3465	3461
4520	3462
4475	3463
3466	3464
4507	3465
3467	3466
3468	3467
4426	3468
3469	3469
3470	3470
4488	3471
3471	3472
3472	3473
3473	3474
4495	3475
3474	3476
3475	3477
3476	3478
4629	3479
3477	3480
4447	3481
3478	3482
5483	3483
3479	3484
4480	3485
4452	3486
3480	3487
5484	3488
3481	3489
4457	3490
3482	3491
3483	3492
4474	3493
4497	3494
3484	3495
3485	3496
4364	3497
5842	3498
4432	3499
5843	3500
5844	3501
4444	3502
3486	3503
3487	3504
5845	3505
3488	3506
4484	3507
4827	3508
4420	3509
4502	3510
4422	3511
4462	3512
4628	3513
4468	3514
4443	3515
4362	3516
4575	3517
4607	3518
4647	3519
4627	3520
4557	3521
4577	3522
4571	3523
4574	3524
5836	3525
5837	3526
5838	3527
5839	3528
5840	3529
5841	3530
5846	3531
5847	3532
5848	3533
5849	3534
4282	3535
3489	3536
3490	3537
3491	3538
3492	3539
3493	3540
3494	3541
3495	3542
3496	3543
3497	3544
3498	3545
3499	3546
3500	3547
3501	3548
3502	3549
3503	3550
3504	3551
3505	3552
3506	3553
3507	3554
3508	3555
3509	3556
3510	3557
3511	3558
3513	3559
3514	3560
3516	3561
3517	3562
3518	3563
3519	3564
3520	3565
3521	3566
3522	3567
5832	3568
5833	3569
5834	3570
3523	3571
3524	3572
3525	3573
3526	3574
3527	3575
3528	3576
3529	3577
3530	3578
3531	3579
3532	3580
3534	3581
3535	3582
3536	3583
3538	3584
3539	3585
3540	3586
3541	3587
3542	3588
5850	3551
3543	3590
3544	3591
3545	3592
3546	3593
3547	3594
3548	3595
3549	3596
3550	3597
3551	3598
3552	3599
3553	3600
3554	3601
3555	3602
3556	3603
3557	3604
3558	3605
3559	3606
3560	3607
3561	3608
3562	3609
3563	3610
3564	3611
3565	3612
3566	3613
3567	3614
3568	3615
3569	3616
3570	3617
3571	3618
3572	3619
3573	3620
3574	3621
3575	3622
3576	3623
3577	3624
3578	3625
3579	3626
3580	3627
3581	3628
3582	3629
3583	3630
3584	3631
3585	3632
3586	3633
4269	3634
3588	3635
3589	3636
3591	3637
3592	3638
3593	3639
3594	3640
3595	3641
3596	3642
3598	3643
3599	3644
3600	3645
3601	3646
5031	3647
5025	3648
5029	3649
5032	3650
4356	3651
5681	3652
5682	3653
5683	3654
5684	3655
5685	3656
4257	3657
3604	3658
3605	3659
3606	3660
3607	3661
3608	3662
3609	3663
3610	3664
3611	3665
3612	3666
3613	3667
3614	3668
3615	3669
3616	3670
3617	3671
3618	3672
3619	3673
3620	3674
3621	3675
3622	3676
3623	3677
3624	3678
3625	3679
3626	3680
3627	3681
3628	3731
3629	3682
3630	3683
3631	3684
3632	3685
3633	3686
3634	3687
3635	3688
3636	3689
3637	3738
3638	3690
3639	3691
3640	3692
3641	3693
3642	3694
3643	3695
3644	3696
3645	3697
3646	3698
3647	3699
3648	3700
3649	3701
3650	3702
3651	3703
3652	3704
3653	3705
3654	3706
3655	3707
3656	3708
3657	3709
3658	3710
3659	3711
3660	3712
3661	3713
3662	3714
3663	3715
3664	3716
3665	3717
3666	3718
3667	3719
3668	3720
3669	3721
3670	3722
3671	3723
3672	3724
3673	3725
3674	3726
3675	3727
3676	3728
3677	3729
3678	3732
3679	3730
3680	3731
3681	3732
3682	3733
3683	3734
3684	3735
3686	3736
4623	3737
4624	3738
4523	3739
5871	3740
3688	3741
3689	3742
5906	3743
4357	3744
5870	3745
5884	3746
4358	3747
5872	3748
5873	3749
5874	3750
5875	3751
5876	3752
5877	3753
5878	3754
5879	3755
5880	3756
5881	3757
5882	3758
5883	3759
3690	3760
3691	3761
3692	3762
3693	3763
3694	3764
4359	3765
3695	3766
3696	3767
3697	3768
3698	3769
3699	3770
3700	3771
3701	3772
3702	3773
3703	3774
3704	3775
3705	3776
3706	3777
3707	3778
3709	3779
3710	3780
3711	3781
3712	3782
3713	3783
3714	3784
3715	3785
3716	3786
3717	3787
4592	3788
3720	3789
3721	3790
3722	3791
5885	3792
5886	3793
3723	3794
3724	3795
3725	3796
3726	3797
3727	3798
3728	3799
3729	3800
3730	3801
3731	3802
3732	3803
3733	3804
3734	3805
3735	3806
3736	3807
3737	3808
3738	3809
3739	3810
3740	3811
3741	3812
3742	3813
3743	3814
3744	3815
3745	3816
3746	3817
3747	3818
3748	3819
3749	3820
3750	3821
3751	3822
3752	3823
3753	3824
3754	3825
3755	3826
3756	3827
3757	3828
3758	3829
3759	3830
3760	3831
3761	3832
3762	3833
3763	3834
3764	3835
3765	3836
3766	3837
3767	3838
3768	3839
3769	3840
3770	3841
3771	3842
3772	3843
3773	3844
3774	3845
3775	3846
3776	3847
3777	3848
3778	3849
3779	3850
3780	3851
3781	3852
3782	3853
3783	3854
3784	3855
3785	3856
3786	3857
3787	3858
3788	3859
3789	3860
3790	3861
3791	3862
3792	3863
3793	3864
3794	3865
3795	3866
3796	3867
3797	3868
3798	3869
3799	3870
3800	3871
3801	3872
3802	3873
3803	3874
3804	3875
3808	3876
3813	3877
3814	3884
3815	3887
4463	3879
4536	3880
4397	3881
4535	3882
4441	3883
5928	3884
4373	3885
5887	3884
5888	3887
5889	3888
5890	3889
5891	3890
5892	3891
4360	3892
5893	3893
5894	3894
5895	3895
5896	3896
5897	3897
5898	3898
5899	3899
3816	4291
3817	3909
3818	3918
3819	3917
4372	3900
4440	3901
4512	3902
4370	3903
4477	3904
4528	3905
4481	3906
4365	3907
4489	3908
4511	3909
4531	3910
4413	3911
4430	3912
4378	3913
5978	3914
4427	3915
4465	3916
4442	3917
4494	3918
4525	3914
4487	3920
4513	3921
4503	3922
5867	3909
5868	3913
5869	3921
3820	3926
3821	3927
3822	3928
3823	3929
3824	3930
3825	3931
3826	3932
3827	3933
3828	3934
3829	3935
3830	3936
3831	3937
3832	3938
3833	3939
3834	3940
3835	3941
3836	3942
3837	3943
3838	3944
3839	3945
3840	3946
3841	3947
3842	3948
3843	3949
3844	3950
3845	3951
5968	3952
5965	3953
5973	3954
3846	3955
3847	3956
3848	3957
3849	3958
3850	3959
3851	3960
3852	3961
3853	3962
3854	3963
3855	3964
3856	3965
3857	3966
3858	3967
3859	3968
3860	3969
3861	3970
3862	3971
3863	3972
3864	3973
3865	3974
3866	3975
3867	3976
3868	3977
3869	3978
3870	3979
3871	3980
3872	3981
3876	3982
3877	3983
3880	3984
3882	3985
4533	3986
5585	3987
5586	3988
5587	3989
5588	3990
5589	3991
5590	3992
5591	3993
5592	3994
3919	3995
3918	3996
3921	3997
3920	3998
3922	3999
3923	4000
3924	4001
3926	4002
3925	4003
3927	4004
3928	4005
3929	4006
3933	4007
3930	4008
3931	4009
3932	4010
3934	4011
3935	4012
3936	4013
3939	4014
3938	4015
3937	4016
3940	4017
3941	4018
3943	4019
3942	4020
3944	4021
3951	4022
3952	4023
3945	4024
3947	4025
3948	4026
3949	4027
3946	4028
3950	4029
3953	4030
3954	4031
3955	4032
3956	4033
3957	4034
3958	4035
3959	4036
3960	4037
3961	4038
3962	4039
3964	4040
3963	4041
3965	4042
3967	4043
3966	4044
3968	4045
3969	4046
3970	4047
3971	4048
3972	4049
3973	4050
3974	4051
3975	4052
3976	4053
3977	4054
3978	4055
3979	4056
3980	4057
3981	4058
3982	4059
3983	4060
3984	4061
3985	4062
3986	4063
3987	4064
4555	4064
3988	4065
3989	4066
3990	4067
3993	4068
3994	4069
3995	4070
3996	4071
3997	4072
3998	4073
4001	4074
4299	4075
4539	4076
4298	4077
4297	4078
4270	4079
4002	4080
4003	4081
4004	4082
4005	4083
4006	4084
4007	4085
4008	4086
4009	4087
4010	4088
4011	4089
4012	4090
4013	4091
4014	4092
4015	4093
4016	4094
4017	4095
4018	4096
4019	4097
4020	4098
4021	4099
4022	4100
4023	4101
4024	4102
4025	4103
4026	4104
4027	4105
4028	4106
4029	4107
4030	4108
4031	4109
4032	4110
4271	4111
4272	4112
4033	4113
4034	4361
4035	4114
4036	4361
4037	4115
4038	4361
4039	4116
4040	4117
4041	4361
4042	4361
4043	4118
4044	4361
4045	4119
4046	4361
4047	4361
4048	4361
4049	4120
4050	4121
4051	4361
4052	4122
4053	4123
4054	4361
4055	4361
4056	4361
4057	4361
4058	4361
4059	4124
4061	4125
4062	4126
4063	4127
4064	4128
4066	4129
4068	4130
4069	4361
4070	4361
4071	4361
4072	4131
4073	4361
4074	4361
4076	4361
4077	4361
4078	4361
4079	4361
4080	4132
4081	4133
4082	4134
4083	4361
4084	4135
4085	4136
4086	4361
4087	4137
4088	4138
4089	4139
4090	4140
4091	4141
4092	4361
4093	4142
4094	4143
4095	4144
4096	4145
4097	4146
4098	4147
4099	4148
4100	4149
4101	4150
4102	4151
4103	4152
4104	4153
4105	4154
4106	4155
4107	4156
4108	4157
4109	4158
4110	4159
4111	4160
4112	4161
4113	4162
4114	4163
4115	4361
4116	4164
4117	4165
4118	4166
4119	4167
4120	4168
4828	4169
4829	4170
4830	4171
4831	4172
4832	4173
4554	4174
4560	4175
4123	4176
4129	4177
4131	4178
4132	4179
4133	4180
4134	4181
4287	4182
6012	4183
5437	4184
4135	4185
4136	4186
4137	4187
4138	4188
4139	4189
4140	4190
4141	4191
4142	4192
4143	4193
4144	4194
4145	4195
4146	4196
4147	4197
4148	4198
4149	4199
4151	4200
4152	4201
4153	4202
4154	4203
4155	4204
4156	4205
5602	4206
5600	4207
4157	4208
4158	4209
4159	4210
4160	4211
4161	4212
4162	4213
5901	4214
5902	4215
4281	4216
4163	4224
4164	4217
4165	4218
4166	4219
4167	4220
4168	4221
4169	4222
4170	4223
4171	4224
4172	4225
4173	4226
4174	4227
4175	4228
4176	4229
4177	4230
4178	4231
4179	4232
4180	4233
4181	4234
4182	4235
4183	4236
4184	4237
4185	4238
4186	4239
4187	4240
4188	4241
4189	4242
4190	4243
4191	4244
5831	4245
4303	4246
5664	4247
5665	4248
4293	4249
4292	4250
4354	4251
4355	4252
5852	4253
5853	4254
5854	4255
5855	4256
5856	4257
5857	4258
5858	4259
5859	4260
4291	4261
